{"val_accuracy":0.9766082167625427,"Accuracy":0.9766081871345029,"val_loss":0.06570877879858017,"_wandb":{"runtime":3},"_step":20,"_runtime":3,"_timestamp":1.7752674541195571e+09,"loss":0.07409348338842392,"best_epoch":17,"Error Rate":0.023391812865497075,"best_val_loss":0.06505700945854187,"epoch":19,"accuracy":0.9698492288589478,"confusion_matrix_table":{"artifact_path":"wandb-client-artifact://7g6uku23eu4rhgdhjh6wpq2fy4z88rgzxjep93ca6oe7g54so0j2yvabvssooirqrvvsducang3kraq9bc1hoty099c27c9fqzeicak5tsw5yxh7acj9yu3mwnl3ilsp/confusion_matrix_table.table.json","size":185,"log_mode":"IMMUTABLE","nrows":4,"sha256":"6379b6d50a4093789137d2e943252313038052e3e10b3837a59835d5c95beefe","_latest_artifact_path":"wandb-client-artifact://35w6ogrxlq8y9qd2utv4fa3so98bykryp72efz3d31sbrx0s3t8uc2s9cbqej4h7fv46uv0maopgf1hd6ii0x8s07llffqvqqzqh4rbxx6tz4h5jg5rqfnq9ciupjkex:latest/confusion_matrix_table.table.json","_type":"table-file","path":"media/table/confusion_matrix_table_20_6379b6d50a4093789137.table.json","ncols":3}}