{
    "accuracy": 0.956140350877193,
    "f1_weighted": 0.9560357083576898,
    "precision_weighted": 0.9560881370091896,
    "recall_weighted": 0.956140350877193,
    "roc_auc": 0.9950867998689813,
    "confusion_matrix": [
        [
            40,
            3
        ],
        [
            2,
            69
        ]
    ]
}